<application desc="" id="MetrashTwo" name="" smscode="">
   <app-config>
      <config-param name="APP_SMS_HEADER" value="null"/>
   </app-config>
   <services>
      <service cachable="false" cacheduration="" id="getEligibleSposoredListForRenewRPForPersonal" passwordencrypted="true" smscode="" smsenabled="false" type="soapserviceConnector">
         <service-config>
            <config-param name="endpointUrl" value="http://tst.moi.gov.qa:81/RP3_WS_EJB_HTTPRouter/ResidenceBeanWSService"/>
            <config-param name="soapAction" value=""/>
            <config-param name="userid" value=""/>
            <config-param name="soap-version" value="1.1"/>
            <config-param name="postprocessorname" value=""/>
            <config-param name="preprocessorname" value=""/>
            <config-param name="urlprovider" value=""/>
            <config-param name="dataprovider" value=""/>
            <config-param name="sockettimeout" value=""/>
            <config-param name="proxyname" value=""/>
            <config-param name="proxyport" value=""/>
            <config-param name="proxyusername" value=""/>
            <config-param name="isembedxmlpresent" value="false"/>
            <config-param name="ignorehttpproxy" value="true"/>
            <config-param name="responseEncoding" value="UTF-8"/>
            <config-param name="server.auth.mode" value="basic"/>
            <config-param name="server.auth.host" value=""/>
            <config-param name="server.auth.ntlm.domain" value=""/>
         </service-config>
         <service-input>
            <template-param name="message" value="&lt;soapenv:Envelope xmlns:ses=&quot;http://session.rp3.moi.gov.qa/&quot; xmlns:soapenv=&quot;http://schemas.xmlsoap.org/soap/envelope/&quot;&gt;&lt;soapenv:Header&gt;&lt;wsse:Security xmlns:wsse=&quot;http://docs.oasis-open.org/wss/2004/01/oasis-200401-wss-wssecurity-secext-1.0.xsd&quot;&gt;&lt;wsse:UsernameToken&gt;&lt;wsse:Username&gt;$userName&lt;/wsse:Username&gt;&lt;wsse:Password Type=&quot;http://docs.oasis-open.org/wss/2004/01/oasis-200401-wss-username-token-profile-1.0#PasswordText&quot;&gt;$password&lt;/wsse:Password&gt;&lt;/wsse:UsernameToken&gt;&lt;/wsse:Security&gt;&lt;/soapenv:Header&gt;&lt;soapenv:Body&gt;&lt;ses:getEligibleSposoredListForRenewRPForPersonal&gt;&lt;!--Optional:--&gt;&lt;arg0&gt;$qid&lt;/arg0&gt;&lt;!--Zero or more repetitions:--&gt;&lt;/ses:getEligibleSposoredListForRenewRPForPersonal&gt;&lt;/soapenv:Body&gt;&lt;/soapenv:Envelope&gt;">
               <param datatype="string" encode="true" name="qid" sms-name="" src="request" value=""/>
               <param datatype="string" encode="true" name="userName" sms-name="" src="request" value=""/>
               <param datatype="string" encode="true" name="password" sms-name="" src="request" value=""/>
            </template-param>
         </service-input>
         <service-output>
            <dataset id="sponserDetails" src="//return">
               <param datatype="string" format="None" formatvalue="" name="arabicName" sms-name="" src="sponsoredDetails/arabicName" srcformatvalue="" target="response"/>
               <param datatype="string" format="None" formatvalue="" name="engName" sms-name="" src="sponsoredDetails/englishName" srcformatvalue="" target="response"/>
               <param datatype="string" format="None" formatvalue="" name="expiryDate" sms-name="" src="sponsoredDetails/rpExpiryDate" srcformatvalue="" target="response"/>
               <param datatype="string" format="None" formatvalue="" name="qid" sms-name="" src="sponsoredDetails/qidNum" srcformatvalue="" target="response"/>
               <param datatype="string" format="None" formatvalue="" name="nationalityEng" sms-name="" src="sponsoredDetails/natEnglishDesc" srcformatvalue="" target="response"/>
               <param datatype="string" format="None" formatvalue="" name="nationalityAr" sms-name="" src="sponsoredDetails/natArabicDesc" srcformatvalue="" target="response"/>
               <param datatype="string" format="None" formatvalue="" name="relationEng" sms-name="" src="sponsoredDetails/relationEnglishDesc" srcformatvalue="" target="response"/>
               <param datatype="string" format="None" formatvalue="" name="relationAr" sms-name="" src="sponsoredDetails/relationArabicDesc" srcformatvalue="" target="response"/>
               <param datatype="string" format="None" formatvalue="" name="sexEng" sms-name="" src="sponsoredDetails/sexEnglishDesc" srcformatvalue="" target="response"/>
               <param datatype="string" format="None" formatvalue="" name="sexAr" sms-name="" src="sponsoredDetails/sexArabicDesc" srcformatvalue="" target="response"/>
               <param datatype="string" format="None" formatvalue="" name="maxAllowDuration" sms-name="" src="sponsoredDetails/maxAllowedDurForRenew" srcformatvalue="" target="response"/>
               <param datatype="string" format="None" formatvalue="" name="renewPeriod" sms-name="" src="sponsoredDetails/renewalPeriod" srcformatvalue="" target="response"/>
               <param datatype="string" format="None" formatvalue="" name="renewFees" sms-name="" src="sponsoredDetails/renewFees" srcformatvalue="" target="response"/>
               <param datatype="string" format="None" formatvalue="" name="workFees" sms-name="" src="sponsoredDetails/workFees" srcformatvalue="" target="response"/>
               <param datatype="string" format="None" formatvalue="" name="cancelFees" sms-name="" src="sponsoredDetails/cancelFees" srcformatvalue="" target="response"/>
               <param datatype="string" format="None" formatvalue="" name="cardFees" sms-name="" src="sponsoredDetails/cardFees" srcformatvalue="" target="response"/>
               <param datatype="string" format="None" formatvalue="" name="delayFees" sms-name="" src="sponsoredDetails/delayFees" srcformatvalue="" target="response"/>
               <param datatype="string" format="None" formatvalue="" name="passportNum" sms-name="" src="sponsoredDetails/passportNum" srcformatvalue="" target="response"/>
            </dataset>
            <param datatype="string" format="None" formatvalue="" name="errCode" sms-name="" src="//errorCode" srcformatvalue="" target="response"/>
            <param datatype="string" format="None" formatvalue="" name="errMsg" sms-name="" src="//errorMessage" srcformatvalue="" target="response"/>
            <param datatype="number" format="None" formatvalue="" name="opstatus" sms-name="" src="" srcformatvalue="" target=""/>
            <param datatype="string" format="None" formatvalue="" name="errmsg" sms-name="" src="" srcformatvalue="" target=""/>
            <param datatype="number" format="None" formatvalue="" name="httpStatusCode" sms-name="" src="" srcformatvalue="" target=""/>
         </service-output>
      </service>
      <service cachable="false" cacheduration="" id="renewResidencePermit" passwordencrypted="true" smscode="" smsenabled="false" type="soapserviceConnector">
         <service-config>
            <config-param name="endpointUrl" value="http://tst.moi.gov.qa:81/RP3_WS_EJB_HTTPRouter/ResidenceBeanWSService"/>
            <config-param name="soapAction" value=""/>
            <config-param name="userid" value="MICSBCN"/>
            <config-param name="soap-version" value="1.1"/>
            <config-param name="pwd" value="kgm8yZAr63/dxJJd/USGTA=="/>
            <config-param name="postprocessorname" value=""/>
            <config-param name="preprocessorname" value=""/>
            <config-param name="urlprovider" value=""/>
            <config-param name="dataprovider" value=""/>
            <config-param name="sockettimeout" value=""/>
            <config-param name="proxyname" value=""/>
            <config-param name="proxyport" value=""/>
            <config-param name="proxyusername" value=""/>
            <config-param name="isembedxmlpresent" value="false"/>
            <config-param name="ignorehttpproxy" value="false"/>
            <config-param name="responseEncoding" value="UTF-8"/>
            <config-param name="server.auth.mode" value="basic"/>
            <config-param name="server.auth.host" value=""/>
            <config-param name="server.auth.ntlm.domain" value=""/>
         </service-config>
         <service-input>
            <template-param name="message" value="&lt;soapenv:Envelope xmlns:soapenv=&quot;http://schemas.xmlsoap.org/soap/envelope/&quot; xmlns:ses=&quot;http://session.rp3.moi.gov.qa/&quot;&gt;&lt;soapenv:Header/&gt;&lt;soapenv:Body&gt;&lt;ses:renewResidencePermit&gt;&lt;!--Optional:--&gt;&lt;arg0&gt;?&lt;/arg0&gt;&lt;!--Zero or more repetitions:--&gt;&lt;arg1&gt;&lt;!--Optional:--&gt;&lt;arabicName&gt;?&lt;/arabicName&gt;&lt;!--Optional:--&gt;&lt;arbName1&gt;?&lt;/arbName1&gt;&lt;!--Optional:--&gt;&lt;arbName2&gt;?&lt;/arbName2&gt;&lt;!--Optional:--&gt;&lt;arbName3&gt;?&lt;/arbName3&gt;&lt;!--Optional:--&gt;&lt;arbName4&gt;?&lt;/arbName4&gt;&lt;!--Optional:--&gt;&lt;arbName5&gt;?&lt;/arbName5&gt;&lt;cancelFees&gt;?&lt;/cancelFees&gt;&lt;cardFees&gt;?&lt;/cardFees&gt;&lt;!--Optional:--&gt;&lt;dateOfBirth&gt;?&lt;/dateOfBirth&gt;&lt;delayFees&gt;?&lt;/delayFees&gt;&lt;!--Optional:--&gt;&lt;engName1&gt;?&lt;/engName1&gt;&lt;!--Optional:--&gt;&lt;engName2&gt;?&lt;/engName2&gt;&lt;!--Optional:--&gt;&lt;engName3&gt;?&lt;/engName3&gt;&lt;!--Optional:--&gt;&lt;engName4&gt;?&lt;/engName4&gt;&lt;!--Optional:--&gt;&lt;engName5&gt;?&lt;/engName5&gt;&lt;!--Optional:--&gt;&lt;englishName&gt;?&lt;/englishName&gt;&lt;!--Optional:--&gt;&lt;exitEntryDate&gt;?&lt;/exitEntryDate&gt;&lt;!--Optional:--&gt;&lt;exitEntryInd&gt;?&lt;/exitEntryInd&gt;&lt;exitPermitFees&gt;?&lt;/exitPermitFees&gt;&lt;!--Optional:--&gt;&lt;feeIndicator&gt;?&lt;/feeIndicator&gt;&lt;!--Optional:--&gt;&lt;fullName&gt;?&lt;/fullName&gt;&lt;maxAllowedDurForRenew&gt;?&lt;/maxAllowedDurForRenew&gt;&lt;!--Optional:--&gt;&lt;natArabicDesc&gt;?&lt;/natArabicDesc&gt;&lt;!--Optional:--&gt;&lt;natCode&gt;?&lt;/natCode&gt;&lt;!--Optional:--&gt;&lt;natEnglishDesc&gt;?&lt;/natEnglishDesc&gt;&lt;!--Optional:--&gt;&lt;numAccompanies&gt;?&lt;/numAccompanies&gt;&lt;!--Optional:--&gt;&lt;passportExpiryDate&gt;?&lt;/passportExpiryDate&gt;&lt;!--Optional:--&gt;&lt;passportIssuePlace&gt;?&lt;/passportIssuePlace&gt;&lt;!--Optional:--&gt;&lt;passportNatArabicDesc&gt;?&lt;/passportNatArabicDesc&gt;&lt;!--Optional:--&gt;&lt;passportNatCode&gt;?&lt;/passportNatCode&gt;&lt;!--Optional:--&gt;&lt;passportNatEngDesc&gt;?&lt;/passportNatEngDesc&gt;&lt;!--Optional:--&gt;&lt;passportNum&gt;?&lt;/passportNum&gt;&lt;!--Optional:--&gt;&lt;passportOwnIndicator&gt;?&lt;/passportOwnIndicator&gt;&lt;!--Optional:--&gt;&lt;passportType&gt;?&lt;/passportType&gt;&lt;!--Optional:--&gt;&lt;passportissueDate&gt;?&lt;/passportissueDate&gt;&lt;!--Optional:--&gt;&lt;personType&gt;?&lt;/personType&gt;&lt;!--Optional:--&gt;&lt;professionArabicDesc&gt;?&lt;/professionArabicDesc&gt;&lt;!--Optional:--&gt;&lt;professionCode&gt;?&lt;/professionCode&gt;&lt;!--Optional:--&gt;&lt;professionEnglishDesc&gt;?&lt;/professionEnglishDesc&gt;&lt;!--Optional:--&gt;&lt;qidNum&gt;?&lt;/qidNum&gt;&lt;!--Optional:--&gt;&lt;rejectionReasonArabic&gt;?&lt;/rejectionReasonArabic&gt;&lt;!--Optional:--&gt;&lt;rejectionReasonCode&gt;?&lt;/rejectionReasonCode&gt;&lt;!--Optional:--&gt;&lt;rejectionReasonEnglish&gt;?&lt;/rejectionReasonEnglish&gt;&lt;!--Optional:--&gt;&lt;relationArabicDesc&gt;?&lt;/relationArabicDesc&gt;&lt;!--Optional:--&gt;&lt;relationCode&gt;?&lt;/relationCode&gt;&lt;!--Optional:--&gt;&lt;relationEnglishDesc&gt;?&lt;/relationEnglishDesc&gt;&lt;renewFees&gt;?&lt;/renewFees&gt;&lt;!--Optional:--&gt;&lt;renewalPeriod&gt;?&lt;/renewalPeriod&gt;&lt;!--Optional:--&gt;&lt;rpExpiryDate&gt;?&lt;/rpExpiryDate&gt;&lt;!--Optional:--&gt;&lt;sexArabicDesc&gt;?&lt;/sexArabicDesc&gt;&lt;!--Optional:--&gt;&lt;sexCode&gt;?&lt;/sexCode&gt;&lt;!--Optional:--&gt;&lt;sexEnglishDesc&gt;?&lt;/sexEnglishDesc&gt;&lt;!--Optional:--&gt;&lt;statusCode&gt;?&lt;/statusCode&gt;&lt;workFees&gt;?&lt;/workFees&gt;&lt;/arg1&gt;&lt;!--Optional:--&gt;&lt;arg2&gt;?&lt;/arg2&gt;&lt;!--Optional:--&gt;&lt;arg3&gt;?&lt;/arg3&gt;&lt;!--Optional:--&gt;&lt;arg4&gt;?&lt;/arg4&gt;&lt;!--Optional:--&gt;&lt;arg5&gt;&lt;!--Optional:--&gt;&lt;afsDeptCode&gt;?&lt;/afsDeptCode&gt;&lt;!--Optional:--&gt;&lt;afsSecCode&gt;?&lt;/afsSecCode&gt;&lt;!--Optional:--&gt;&lt;authUsrId&gt;?&lt;/authUsrId&gt;&lt;!--Optional:--&gt;&lt;cardExpDate&gt;?&lt;/cardExpDate&gt;&lt;!--Optional:--&gt;&lt;cardNumber&gt;?&lt;/cardNumber&gt;&lt;!--Optional:--&gt;&lt;cardOwnerId&gt;?&lt;/cardOwnerId&gt;&lt;!--Optional:--&gt;&lt;cardOwnerName&gt;?&lt;/cardOwnerName&gt;&lt;!--Optional:--&gt;&lt;cardType&gt;?&lt;/cardType&gt;&lt;!--Optional:--&gt;&lt;pgmId&gt;?&lt;/pgmId&gt;&lt;!--Optional:--&gt;&lt;refNo&gt;?&lt;/refNo&gt;&lt;!--Optional:--&gt;&lt;systemId&gt;?&lt;/systemId&gt;&lt;!--Optional:--&gt;&lt;termId&gt;?&lt;/termId&gt;&lt;totalAmount&gt;?&lt;/totalAmount&gt;&lt;/arg5&gt;&lt;!--Optional:--&gt;&lt;arg6&gt;&lt;!--Optional:--&gt;&lt;applierQID&gt;?&lt;/applierQID&gt;&lt;!--Optional:--&gt;&lt;carrier&gt;?&lt;/carrier&gt;&lt;!--Optional:--&gt;&lt;companyBranch&gt;?&lt;/companyBranch&gt;&lt;!--Optional:--&gt;&lt;companyNum&gt;?&lt;/companyNum&gt;&lt;!--Optional:--&gt;&lt;companyType&gt;?&lt;/companyType&gt;&lt;deliveryFee&gt;?&lt;/deliveryFee&gt;&lt;!--Optional:--&gt;&lt;deliveryOptionID&gt;?&lt;/deliveryOptionID&gt;&lt;!--Optional:--&gt;&lt;departmentType&gt;?&lt;/departmentType&gt;&lt;!--Optional:--&gt;&lt;functionCode&gt;?&lt;/functionCode&gt;&lt;!--Optional:--&gt;&lt;mobileNumber&gt;?&lt;/mobileNumber&gt;&lt;!--Optional:--&gt;&lt;receivingType&gt;?&lt;/receivingType&gt;&lt;!--Optional:--&gt;&lt;returnOldDocument&gt;?&lt;/returnOldDocument&gt;&lt;!--Optional:--&gt;&lt;sourceType&gt;?&lt;/sourceType&gt;&lt;!--Optional:--&gt;&lt;userID&gt;?&lt;/userID&gt;&lt;/arg6&gt;&lt;/ses:renewResidencePermit&gt;&lt;/soapenv:Body&gt;&lt;/soapenv:Envelope&gt;"/>
         </service-input>
         <service-output>
            <param datatype="number" format="None" formatvalue="" name="opstatus" sms-name="" src="" srcformatvalue="" target=""/>
            <param datatype="string" format="None" formatvalue="" name="errmsg" sms-name="" src="" srcformatvalue="" target=""/>
            <param datatype="number" format="None" formatvalue="" name="httpStatusCode" sms-name="" src="" srcformatvalue="" target=""/>
         </service-output>
      </service>
   </services>
</application>
